{"cameraMode":{"drawMode":0,"name":"Shaded","section":"Shading Mode"},"sceneLighting":true,"audioPlay":false,"sceneViewState":{"showFog":true,"showMaterialUpdate":false,"showSkybox":true,"showFlares":true,"showImageEffects":true,"showParticleSystems":true},"in2DMode":false,"pivot":{"x":4.636143684387207,"y":-4.387391090393066,"z":-4.397150039672852},"rotation":{"x":-0.03453081473708153,"y":0.9622622132301331,"z":-0.2266370952129364,"w":-0.14661207795143128},"size":61.20233154296875,"orthographic":false}